Reviewer,Date of Review,Name,Giant Bomb Score
Jeff,2008-05-23 13:00:00,SingStar,4
Jeff,2008-05-20 17:00:00,Haze,2
Brad,2008-06-20 12:00:00,Metal Gear Solid 4: Guns of the Patriots,5
Jeff,2008-02-29 12:00:00,Poker Smash,4
Jeff,2008-07-06 12:00:00,Battlefield: Bad Company,5
Brad,2008-07-02 12:00:00,LEGO Indiana Jones: The Original Adventures,3
Ryan,2008-07-02 12:00:00,Robert Ludlum's The Bourne Conspiracy,3
Jeff,2008-03-01 12:00:00,Burnout Paradise,5
Jeff,2008-03-07 10:00:00,Professor Layton and the Curious Village,5
Jeff,2008-03-13 15:00:00,Super Smash Bros. Brawl,4
Jeff,2008-03-16 20:00:00,Army of Two,3
Jeff,2008-03-22 10:00:00,Rocketmen: Axis of Evil,2
Ryan,2008-03-26 13:00:00,Bully: Scholarship Edition,4
Jeff,2008-03-27 13:00:00,Tom Clancy's Rainbow Six: Vegas 2,4
Ryan,2008-03-27 16:00:00,Condemned 2: Bloodshot,5
Jeff,2008-03-31 11:00:00,TiQal,2
Jeff,2008-04-01 14:00:00,Viking: Battle for Asgard,3
Ryan,2008-04-03 18:00:00,Hot Shots Golf: Out of Bounds,3
Ryan,2008-04-07 18:00:00,Mr. Driller Online,2
Jeff,2008-04-21 13:00:00,Ikaruga,4
Jeff,2008-05-21 14:00:00,Rocky & Bullwinkle,2
Jeff,2008-04-25 15:00:00,Dark Sector,2
Jeff,2008-04-28 10:00:00,NBA Ballers: Chosen One,2
Ryan,2008-05-05 16:00:00,Gran Turismo 5 Prologue,3
Jeff,2008-05-05 16:00:00,Grand Theft Auto IV,5
Ryan,2008-05-07 16:00:00,Mario Kart Wii,3
Jeff,2008-05-07 17:00:00,Target: Terror,2
Jeff,2008-05-12 18:00:00,Boom Blox,4
Ryan,2008-05-18 15:00:00,Defend Your Castle,3
Ryan,2008-05-22 18:00:00,Penny Arcade Adventures: On the Rain-Slick Precipice of Darkness - Episode One,4
Jeff,2008-06-10 16:00:00,SNK Arcade Classics V.1,3
Jeff,2008-06-17 17:00:00,Wolf of the Battlefield: Commando 3,2
Jeff,2008-06-24 13:00:00,Wii Fit,3
Jeff,2008-07-25 15:00:00,Soulcalibur,2
Vinny,2008-07-28 11:00:00,Dragon Ball Z: Burst Limit,3
Jeff,2008-07-30 16:00:00,Geometry Wars: Retro Evolved 2,5
Ryan,2008-07-31 23:00:00,Sid Meier's Civilization Revolution,4
Ryan,2008-08-01 18:00:00,Guitar Hero: Aerosmith,2
Jeff,2008-08-06 13:00:00,Unreal Tournament 3,3
Jeff,2008-08-07 15:00:00,Soulcalibur IV,3
Ryan,2009-11-25 08:00:00,Braid,5
Ryan,2008-08-13 17:00:00,Strong Bad's Cool Game for Attractive People Episode 1: Homestar Ruiner,3
Jeff,2008-08-15 15:00:00,Bionic Commando Rearmed,5
Ryan,2008-08-18 16:00:00,Fable II Pub Games,1
Jeff,2008-08-18 18:00:00,Too Human,3
Brad,2008-08-21 14:00:00,Space Siege,3
Jeff,2008-08-20 14:00:00,1942: Joint Strike,3
Jeff,2008-08-25 11:00:00,Galaga Legions,3
Vinny,2008-08-25 17:00:00,Ratchet & Clank Future: Quest for Booty,3
Brad,2008-09-03 18:00:00,Viva Piñata: Trouble in Paradise,4
Ryan,2008-09-03 16:00:00,Castle Crashers,4
Jeff,2008-09-03 22:00:00,The Last Guy,3
Ryan,2008-09-05 18:00:00,Mercenaries 2: World in Flames,3
Brad,2008-09-08 19:00:00,Spore,4
Jeff,2008-09-12 16:00:00,TNA iMPACT!,3
Jeff,2008-09-13 23:00:00,Rock Band 2,5
Jeff,2008-09-15 16:00:00,Star Wars: The Force Unleashed,3
Ryan,2008-09-18 10:00:00,Strong Bad's Cool Game for Attractive People Episode 2: Strong Badia The Free,4
Jeff,2008-09-23 16:00:00,Samurai Shodown II,4
Ryan,2008-09-26 11:00:00,Mario Super Sluggers,2
Jeff,2008-09-26 16:00:00,Pure,4
Ryan,2008-09-29 17:00:00,WipEout HD,4
Ryan,2008-09-30 20:00:00,Brothers in Arms: Hell's Highway,4
Jeff,2008-09-30 23:00:00,Crysis Warhead,4
Vinny,2008-10-15 19:00:00,Fracture,2
Ryan,2008-10-16 20:00:00,Wario Land: Shake It!,3
Jeff,2008-10-17 18:00:00,Age of Booty,4
Brad,2008-10-20 18:00:00,Dead Space,5
Vinny,2008-10-21 16:00:00,Fable II,4
Ryan,2008-10-22 15:00:00,Saints Row 2,4
Jeff,2008-10-27 21:00:00,Fallout 3,4
Jeff,2008-10-29 16:00:00,Rock Revolution,1
Ryan,2008-10-31 11:00:00,Midnight Club: Los Angeles,3
Jeff,2008-11-03 06:00:00,Gears of War 2,5
Ryan,2008-11-02 20:00:00,Guitar Hero World Tour,4
Brad,2008-11-03 17:00:00,Far Cry 2,4
Jeff,2008-11-05 15:00:00,LittleBigPlanet,5
Ryan,2008-11-05 20:00:00,Spider-Man: Web of Shadows,3
Jeff,2008-11-07 17:00:00,Quantum of Solace,3
Vinny,2008-11-10 14:00:00,Resistance 2,4
Jeff,2008-11-11 12:00:00,Call of Duty: World at War,4
Ryan,2008-11-10 17:00:00,MotorStorm: Pacific Rift,4
Ryan,2008-11-12 12:00:00,Mirror's Edge,3
Jeff,2008-11-14 15:00:00,Command & Conquer: Red Alert 3,4
Jeff,2008-11-17 13:00:00,Mortal Kombat vs. DC Universe,5
Ryan,2008-11-18 10:00:00,Left 4 Dead,4
Brad,2008-11-19 17:00:00,Banjo-Kazooie: Nuts & Bolts,5
Andy,2008-11-21 17:00:00,World of Warcraft: Wrath of the Lich King,5
Jeff,2008-11-26 13:00:00,Skate It,2
Jeff,2008-11-30 14:00:00,Super Street Fighter II Turbo HD Remix,5
Ryan,2008-12-01 21:00:00,Need for Speed: Undercover,2
Jeff,2008-12-02 21:00:00,You're In the Movies,3
Jeff,2008-12-07 12:00:00,WWE SmackDown! vs. RAW 2009,2
Brad,2008-12-10 22:00:00,Prince of Persia,4
Jeff,2008-12-12 15:00:00,Lips,3
Jeff,2008-12-16 16:00:00,PowerUp Forever,3
Jeff,2008-12-23 15:00:00,Meteos Wars,3
Jeff,2008-12-29 16:00:00,Animal Crossing: City Folk,3
Jeff,2008-12-31 16:00:00,Crash Commando,4
Ryan,2009-01-07 14:00:00,Penny Arcade Adventures: On the Rain-Slick Precipice of Darkness - Episode Two,4
Ryan,2009-01-09 15:00:00,Interpol: The Trail of Dr. Chaos,1
Jeff,2009-01-14 17:00:00,Lumines Supernova,3
Jeff,2009-01-17 10:00:00,The King of Fighters Collection: The Orochi Saga,3
Brad,2009-01-26 18:00:00,The Lord of the Rings: Conquest,2
Jeff,2009-01-26 15:00:00,Skate 2,4
Vinny,2009-01-29 12:00:00,The Maw,4
Jeff,2009-02-02 13:00:00,Afro Samurai,3
Brad,2009-02-12 17:00:00,Ninjatown,4
Brad,2009-02-09 11:00:00,R-Type Dimensions,4
Brad,2009-02-11 18:00:00,Flower,5
Ryan,2009-02-12 15:00:00,F.E.A.R. 2: Project Origin,4
Jeff,2009-02-13 13:00:00,Retro Game Challenge,3
Jeff,2009-02-16 13:00:00,Sonic's Ultimate Genesis Collection,3
Jeff,2009-02-24 08:00:00,50 Cent: Blood on the Sand,3
Jeff,2009-02-26 17:00:00,Killzone 2,5
Brad,2009-03-02 13:00:00,Halo Wars,4
Dave,2009-03-04 16:00:00,"Warhammer 40,000: Dawn of War II",4
Jeff,2009-03-09 13:00:00,Tom Clancy's H.A.W.X,3
Dave,2009-03-11 17:00:00,Empire: Total War,4
Jeff,2009-03-12 12:00:00,Eat Lead: The Return of Matt Hazard,2
Vinny,2009-03-12 11:00:00,Peggle,4
Brad,2009-03-12 19:00:00,Resident Evil 5,5
Jeff,2009-03-19 14:00:00,MadWorld,3
Jeff,2009-03-23 14:00:00,Grand Theft Auto: Chinatown Wars,5
Jeff,2009-03-27 18:00:00,WWE Legends of WrestleMania,3
Jeff,2009-03-30 11:00:00,Wanted: Weapons of Fate,3
Brad,2009-03-30 17:00:00,Resistance: Retribution,4
Jeff,2009-03-31 20:00:00,UNO Rush,4
Jeff,2009-04-03 10:00:00,Rhythm Heaven,5
Brad,2009-04-04 09:00:00,Burn Zombie Burn!,4
Ryan,2009-03-09 18:00:00,Watchmen: The End is Nigh,2
Brad,2009-04-06 23:00:00,The Chronicles of Riddick: Assault on Dark Athena,4
Jeff,2009-04-07 11:00:00,Master of Illusion Express: Funny Face,1
Jeff,2009-04-07 11:00:00,Bird & Beans,4
Jeff,2009-04-07 16:00:00,Art Style: AQUIA,4
Jeff,2009-04-07 17:00:00,Brain Age Express: Math,2
Jeff,2009-04-07 19:00:00,WarioWare: Snapped!,3
Ryan,2009-04-09 20:00:00,Puzzle Quest: Galactrix,3
Jeff,2009-04-13 13:00:00,Wheelman,3
Ryan,2009-04-13 17:00:00,The Godfather II,3
Dave,2009-04-16 11:00:00,Company of Heroes: Tales of Valor,3
Jeff,2009-04-22 15:00:00,Lode Runner,4
Ryan,2009-04-22 15:00:00,Excitebots: Trick Racing,4
Brad,2009-04-22 13:00:00,Demigod,3
Jeff,2009-04-26 20:00:00,Ninja Blade,2
Brad,2009-04-27 15:00:00,Zeno Clash,4
Dave,2009-04-30 16:00:00,Cryostasis,4
Ryan,2009-05-04 18:00:00,X-Men Origins: Wolverine,3
Jeff,2009-05-06 16:00:00,Space Invaders Extreme,4
Jeff,2009-05-11 10:00:00,Klonoa: Door to Phantomile,4
Ryan,2009-05-13 15:00:00,Patapon 2,4
Brad,2009-05-15 17:00:00,Velvet Assassin,1
Jeff,2009-05-17 23:00:00,Bionic Commando,4
Ryan,2009-05-19 08:00:00,Punch-Out!!,5
Jeff,2009-05-19 16:00:00,UFC 2009 Undisputed,4
Brad,2009-05-19 17:00:00,Art Style: PiCTOBiTS,4
Dave,2009-05-20 16:00:00,Battlestations: Pacific,3
Jeff,2009-05-21 16:00:00,Star Trek: D-A-C,2
Ryan,2009-05-21 20:00:00,Terminator Salvation,3
Brad,2009-05-22 18:00:00,inFamous,5
Jeff,2009-05-26 17:00:00,Raiden Fighters Aces,3
Ryan,2009-05-30 14:00:00,Boom Blox Bash Party,4
Jeff,2009-06-09 12:00:00,Red Faction: Guerrilla,4
Brad,2009-06-10 18:00:00,Prototype,4
Ryan,2009-06-17 13:00:00,Rock Band Unplugged,3
Jeff,2009-06-18 16:00:00,Rocket Riot,4
Ryan,2009-06-19 11:00:00,Ghostbusters: The Video Game,3
Brad,2009-06-19 16:00:00,The Legendary Starfy,3
Jeff,2009-06-19 17:00:00,Sam & Max Save the World,4
Jeff,2009-06-23 15:00:00,Fight Night Round 4,4
Jeff,2009-06-25 17:00:00,Guitar Hero: Smash Hits,3
Jeff,2009-06-30 15:00:00,The Conduit,2
Brad,2009-07-01 16:00:00,Transformers: Revenge of the Fallen,3
Ryan,2009-07-07 17:00:00,Tales of Monkey Island Chapter 1: Launch of the Screaming Narwhal,4
Brad,2009-07-08 21:00:00,Trine,5
Ryan,2009-07-11 11:00:00,The Sims 3,4
Jeff,2009-07-13 12:00:00,Call of Juarez: Bound in Blood,3
Brad,2009-07-13 21:00:00,Battlefield 1943,4
Jeff,2009-07-21 18:00:00,BlazBlue: Calamity Trigger,3
Ryan,2009-07-21 19:00:00,The Secret of Monkey Island,4
Jeff,2009-07-22 17:00:00,Wii Sports Resort,5
Jeff,2009-07-27 15:00:00,Shatter,4
Jeff,2009-07-29 18:00:00,Marvel vs. Capcom 2: New Age of Heroes,4
Brad,2009-07-30 21:00:00,'Splosion Man,4
Jeff,2009-08-04 13:00:00,The King of Fighters XII,3
Ryan,2009-08-05 15:00:00,Fallout 3,3
Brad,2009-08-07 16:00:00,Teenage Mutant Ninja Turtles: Turtles in Time Re-Shelled,2
Brad,2009-08-10 14:00:00,Fat Princess,4
Jeff,2009-08-10 13:00:00,G.I. Joe: The Rise of Cobra,1
Jeff,2009-08-17 06:00:00,Shadow Complex,5
Jeff,2009-08-18 15:00:00,Wolfenstein,4
Brad,2009-08-25 17:00:00,Professor Layton and the Diabolical Box,4
Jeff,2009-09-01 15:00:00,Batman: Arkham Asylum,5
Ryan,2009-09-04 07:00:00,Guitar Hero 5,4
Ryan,2009-09-09 18:00:00,The Beatles: Rock Band,5
Jeff,2009-09-11 13:00:00,Section 8,3
Jeff,2009-09-15 15:00:00,Need for Speed: SHIFT,3
Jeff,2009-09-18 12:00:00,WET,3
Ryan,2009-09-18 14:00:00,Marvel Ultimate Alliance 2,4
Jeff,2009-09-19 21:00:00,Halo 3: ODST,4
Brad,2009-09-21 15:00:00,Scribblenauts,3
Drew,2009-09-23 11:00:00,DiRT 2,5
Brad,2009-09-23 17:00:00,Trials HD,4
Jeff,2009-09-25 17:00:00,Pinball Hall of Fame: The Williams Collection,4
Ryan,2009-09-28 21:00:00,Muramasa: The Demon Blade,4
Brad,2009-09-29 18:00:00,Dead Space Extraction,3
Jeff,2009-09-30 12:00:00,Zombie Apocalypse,2
Jeff,2009-10-02 16:00:00,Katamari Forever,4
Brad,2009-10-12 17:00:00,Uncharted 2: Among Thieves,5
Ryan,2009-10-12 11:00:00,SAW,3
Vinny,2009-10-12 15:00:00,Lucidity,3
Ryan,2009-10-13 21:00:00,Brütal Legend,3
Jeff,2009-10-14 16:00:00,Forza Motorsport 3,5
Brad,2009-10-16 17:00:00,South Park Let's Go Tower Defense Play!,4
Jeff,2009-10-19 09:00:00,Borderlands,4
Ryan,2009-10-23 11:00:00,A Boy and His Blob,4
Jeff,2009-10-23 15:00:00,WWE SmackDown! vs. RAW 2010,3
Vinny,2009-10-23 15:00:00,Ratchet & Clank Future: A Crack in Time,5
Jeff,2009-10-27 18:00:00,DJ Hero,4
Brad,2009-11-02 15:00:00,Mario & Luigi: Bowser's Inside Story,5
Dave,2009-11-03 00:00:00,Dragon Age: Origins,5
Brad,2009-11-04 13:00:00,Torchlight,4
Ryan,2009-11-03 16:00:00,Grand Theft Auto IV,3
Jeff,2009-11-03 18:00:00,Tekken 6: Bloodline Rebellion,3
Jeff,2009-11-04 22:00:00,Band Hero,3
Ryan,2009-11-05 19:00:00,Rabbids Go Home: A Comedy Adventure,4
Jeff,2009-11-10 00:00:00,Modern Warfare 2,5
Jeff,2009-11-12 17:00:00,Grand Theft Auto: Chinatown Wars,5
Ryan,2009-11-13 15:00:00,LEGO Rock Band,3
Jeff,2009-11-15 19:00:00,New Super Mario Bros. Wii,4
Brad,2009-11-17 13:00:00,Left 4 Dead 2,4
Ryan,2009-11-17 09:00:00,Assassin's Creed II,4
Jeff,2009-11-18 17:00:00,Buzz! Quiz World,3
Jeff,2009-11-20 16:00:00,Tony Hawk: RIDE,1
Ryan,2009-11-20 17:00:00,Resident Evil: The Darkside Chronicles,3
Brad,2009-11-20 17:00:00,God of War Collection,4
Jeff,2009-11-25 12:00:00,Borderlands,4
Jeff,2009-12-03 11:00:00,Rogue Warrior,2
Jeff,2009-12-07 12:00:00,The Legend of Zelda: Spirit Tracks,4
Ryan,2009-12-08 16:00:00,The Saboteur,3
Brad,2009-12-11 17:00:00,James Cameron's Avatar: The Game,2
Jeff,2009-12-11 14:00:00,QIX++,2
Jeff,2009-12-15 11:00:00,PixelJunk Shooter,4
Brad,2009-12-27 07:00:00,Silent Hill: Shattered Memories,4
Jeff,2010-01-06 13:00:00,Borderlands,2
Ryan,2010-01-08 20:00:00,Bayonetta,4
Ryan,2010-01-08 20:00:00,Bayonetta,3
Jeff,2010-01-12 16:00:00,Darksiders,4
Jeff,2010-01-15 15:00:00,Army of Two: The 40th Day,3
Brad,2010-01-15 16:00:00,Trajectile,3
Jeff,2010-01-19 00:00:00,Dark Void,3
Brad,2010-01-27 19:00:00,Mass Effect 2,5
Ryan,2010-01-27 18:00:00,Serious Sam: The First Encounter,3
Jeff,2010-01-29 13:00:00,MAG,4
Ryan,2010-02-06 09:00:00,No More Heroes 2: Desperate Struggle,4
Jeff,2010-02-08 09:00:00,BioShock 2,4
Jeff,2010-02-09 17:00:00,Tomena Sanner,3
Jeff,2010-02-18 16:00:00,Aliens vs. Predator,2
Brad,2010-02-19 19:00:00,Resident Evil 5,4
Brad,2010-02-23 17:00:00,Heavy Rain,4
Ryan,2010-02-27 13:00:00,Dante's Inferno,2
Jeff,2010-03-03 09:00:00,Battlefield: Bad Company 2,4
Jeff,2010-03-16 10:00:00,Borderlands,4
Ryan,2010-03-19 17:00:00,God of War III,4
Jeff,2010-03-22 13:00:00,Command & Conquer 4:  Tiberian Twilight,2
Dave,2010-03-23 11:00:00,Metro 2033,3
Ryan,2010-03-29 11:00:00,Just Cause 2,4
Jeff,2010-04-01 15:00:00,WarioWare D.I.Y.,4
Brad,2010-04-02 17:00:00,Final Fantasy XIII,3
Jeff,2010-04-06 13:00:00,Road Fighter,3
Jeff,2010-04-06 13:00:00,Jungler,2
Jeff,2010-04-13 09:00:00,Tom Clancy's Splinter Cell: Conviction,4
Brad,2010-04-16 16:00:00,Final Fight: Double Impact,4
Ryan,2010-04-17 14:00:00,Sam & Max Episode 301: The Penal Zone,4
Jeff,2010-04-26 08:00:00,Super Street Fighter IV,5
Jeff,2010-04-27 14:00:00,Dead to Rights: Retribution,3
Brad,2010-05-04 23:00:00,Alan Wake,4
Jeff,2010-05-05 16:00:00,Picross 3D,5
Jeff,2010-05-11 12:00:00,Skate 3,4
Brad,2010-05-11 22:00:00,Lost Planet 2,2
Ryan,2010-05-12 20:00:00,3D Dot Game Heroes,3
Ryan,2010-05-18 09:00:00,Split/Second,4
Brad,2010-05-18 15:00:00,Prince of Persia: The Forgotten Sands,3
Ryan,2010-05-21 08:00:00,Super Mario Galaxy 2,5
Ryan,2010-05-25 22:00:00,Blur,4
Jeff,2010-05-26 12:00:00,UFC Undisputed 2010,4
Brad,2010-05-26 17:00:00,ModNation Racers,4
Jeff,2010-05-31 12:00:00,Alpha Protocol,3
Ryan,2010-06-07 21:00:00,Green Day: Rock Band,4
Alex,2010-06-11 12:00:00,Backbreaker,2
Brad,2011-06-29 17:00:00,Half-Minute Hero: Super Mega Neo Climax,4
Jeff,2010-06-25 16:00:00,Transformers: War For Cybertron,3
Alex,2010-06-30 12:00:00,RISK: Factions,4
Jeff,2010-07-05 10:00:00,Crackdown 2,3
Brad,2010-07-09 18:00:00,Puzzle Quest 2,4
Jeff,2010-07-08 17:00:00,Singularity,4
Ryan,2010-07-09 15:00:00,Sin & Punishment:  Star Successor,4
Jeff,2010-07-16 12:00:00,Deadliest Warrior: The Game,2
Brad,2010-07-19 09:00:00,Limbo,5
Jeff,2010-07-21 17:00:00,DeathSpank,3
Jeff,2010-07-30 15:00:00,Hydro Thunder Hurricane,4
Brad,2010-07-31 14:00:00,StarCraft II: Wings of Liberty,5
Jeff,2010-08-05 18:00:00,Castlevania: Harmony of Despair,2
Brad,2010-08-13 17:00:00,Monday Night Combat,4
Jeff,2010-08-17 06:00:00,Kane & Lynch 2: Dog Days,3
Alex,2010-08-16 16:00:00,Madden NFL 11,4
Jeff,2010-08-17 07:00:00,Kane & Lynch 2: Dog Days,2
Ryan,2010-08-18 16:00:00,Lara Croft and the Guardian of Light,4
Brad,2010-08-23 19:00:00,Mafia II,3
Brad,2010-08-27 10:00:00,Metroid: Other M,4
Ryan,2010-09-01 16:00:00,Shank,3
Brad,2010-09-01 17:00:00,Dead Rising 2: Case Zero,4
Jeff,2010-09-11 21:00:00,Halo: Reach,4
Jeff,2010-09-15 17:00:00,Sports Champions,4
Ryan,2010-09-23 12:00:00,Sid Meier's Civilization V,5
Jeff,2010-09-29 18:00:00,Dead Rising 2,3
Jeff,2010-10-04 13:00:00,Borderlands,4
Brad,2010-10-06 14:00:00,Enslaved: Odyssey to the West,4
Ryan,2010-10-05 17:00:00,Guitar Hero: Warriors of Rock,2
Jeff,2010-10-05 18:00:00,Comic Jumper,4
Jeff,2010-10-07 16:00:00,Def Jam Rapstar,4
Jeff,2010-10-12 06:00:00,Medal of Honor,3
Alex,2010-10-16 19:00:00,Kirby's Epic Yarn,5
Jeff,2010-10-18 21:00:00,Fallout: New Vegas,4
Brad,2010-10-19 20:00:00,Super Meat Boy,5
Alex,2010-10-20 15:00:00,Costume Quest,4
Jeff,2010-10-20 15:00:00,EA Sports MMA,4
Ryan,2010-10-20 16:00:00,Wii Party,4
Brad,2010-10-25 21:00:00,Fable III,3
Jeff,2010-10-25 15:00:00,DJ Hero 2,4
Ryan,2010-10-25 22:00:00,Rock Band 3,5
Alex,2010-11-01 16:00:00,WWE SmackDown! vs. RAW 2011,2
Ryan,2010-11-02 21:00:00,Vanquish,4
Ryan,2010-11-02 23:00:00,Game Dev Story,4
Brad,2010-11-03 17:00:00,Star Wars: The Force Unleashed II,3
Jeff,2010-11-03 15:00:00,James Bond 007: Blood Stone,3
Alex,2010-11-04 15:00:00,GoldenEye 007,4
Alex,2010-11-08 12:00:00,Kinect Adventures!,3
Jeff,2010-11-09 00:00:00,Call of Duty: Black Ops,4
Jeff,2010-11-10 15:00:00,Dance Central,4
Alex,2010-11-12 12:00:00,Kinect Sports,4
Ryan,2010-11-17 03:00:00,Assassin's Creed: Brotherhood,5
Brad,2010-11-19 18:00:00,Donkey Kong Country Returns,4
Jeff,2010-11-19 14:00:00,Need for Speed: Hot Pursuit,4
Ryan,2010-11-20 16:00:00,Pac-Man Championship Edition DX,5
Jeff,2010-11-23 12:00:00,NBA Jam,4
Ryan,2010-11-24 17:00:00,PowerGig: Rise of the SixString,1
Alex,2010-11-28 12:00:00,Splatterhouse,3
Jeff,2010-12-01 16:00:00,Tron: Evolution,3
Dave,2010-12-02 15:00:00,Gran Turismo 5,3
Brad,2010-12-03 17:00:00,Dead Nation,2
Ryan,2010-12-08 17:00:00,Disney Epic Mickey,2
Alex,2011-01-11 13:00:00,Lost in Shadow,3
Jeff,2011-01-21 14:00:00,DC Universe Online,2
Brad,2011-01-24 23:00:00,Dead Space 2,5
Jeff,2011-01-26 14:00:00,LittleBigPlanet 2,5
Jeff,2011-02-07 16:00:00,Bionic Commando Rearmed 2,3
Alex,2011-02-08 14:00:00,Stacking,4
Alex,2011-02-09 17:00:00,Mario Sports Mix,2
Ryan,2011-02-09 18:00:00,You Don't Know Jack,4
Jeff,2011-02-16 17:00:00,Marvel vs. Capcom 3: Fate of Two Worlds,4
Jeff,2011-02-21 17:00:00,Killzone 3,4
Jeff,2011-02-23 17:00:00,Bulletstorm,4
Alex,2011-03-15 12:00:00,Homefront,3
Jeff,2011-03-21 12:00:00,Full House Poker,4
Jeff,2011-03-22 09:00:00,Crysis 2,4
Jeff,2011-03-23 12:51:45,Super Street Fighter IV,4
Alex,2011-03-24 14:00:00,Swarm,3
Brad,2011-03-25 15:00:00,Pilotwings Resort,3
Jeff,2011-03-26 18:00:00,Ridge Racer 3D,3
Jeff,2011-03-29 15:00:00,WWE All Stars,4
Alex,2011-03-30 13:00:00,Madden NFL Football,1
Jeff,2011-04-19 00:00:00,Mortal Kombat,5
Ryan,2011-04-19 00:00:00,Portal 2,5
Brad,2011-05-04 17:00:00,Outland,4
Jeff,2011-05-10 15:00:00,Brink,2
Brad,2011-05-11 16:00:00,LEGO Pirates of the Caribbean: The Video Game,4
Brad,2011-05-16 09:00:00,L.A. Noire,5
Alex,2011-05-24 16:00:00,MotorStorm: Apocalypse,3
Drew,2011-05-24 14:00:00,DiRT 3,5
Brad,2011-06-01 18:00:00,Red Faction: Armageddon,3
Jeff,2011-06-14 11:00:00,Duke Nukem Forever,2
Ryan,2011-06-16 12:00:00,Alice: Madness Returns,4
Brad,2011-06-17 15:00:00,inFamous 2,4
Ryan,2011-06-18 17:00:00,Child of Eden,3
Brad,2011-06-20 19:00:00,The Legend of Zelda: Ocarina of Time 3D,5
Alex,2011-06-21 12:00:00,Shadows of the Damned,4
Jeff,2011-06-22 15:00:00,Iron Brigade,4
Ryan,2011-06-25 19:00:00,F.E.A.R. 3,2
Matt,2011-06-30 12:00:00,Resident Evil: The Mercenaries 3D,2
Alex,2011-06-28 16:00:00,Lucha Fury,1
Alex,2011-07-01 16:00:00,Jamestown: Legend of the Lost Colony,4
Alex,2011-07-08 16:00:00,Dead Block,2
Matt,2011-07-12 17:00:00,Earth Defense Force: Insect Armageddon,2
Brad,2011-07-13 17:00:00,Ms. Splosion Man,3
Matt,2011-07-19 09:00:00,Captain America: Super Soldier,3
Ryan,2011-07-20 09:00:00,Puzzle Agent 2,3
Brad,2011-07-26 13:00:00,From Dust,4
Jeff,2011-07-28 15:00:00,Catherine,2
Brad,2011-08-03 04:00:00,Insanely Twisted Shadow Planet,4
Matt,2011-08-01 17:00:00,Yakuza 4,3
Ryan,2011-08-09 23:00:00,Fruit Ninja Kinect,4
Brad,2011-08-17 04:00:00,Toy Soldiers: Cold War,4
Jeff,2011-08-23 15:00:00,Deus Ex: Human Revolution,4
Jeff,2011-08-24 18:00:00,Street Fighter III: 3rd Strike,4
Alex,2011-08-29 12:00:00,Madden NFL 12,3
Brad,2011-09-01 13:00:00,Mortal Kombat Arcade Kollection,2
Jeff,2011-09-02 14:00:00,Bodycount,2
Patrick,2011-09-06 17:00:00,Resistance 3,4
Jeff,2011-09-06 18:00:00,Driver: San Francisco,4
Alex,2011-09-07 11:00:00,Rock of Ages,4
Brad,2011-09-12 16:00:00,Dead Island,4
Matt,2011-09-14 13:00:00,"Warhammer 40,000: Space Marine",4
Ryan,2011-09-13 12:00:00,The Gunstringer,4
Matt,2011-09-12 13:00:00,"Warhammer 40,000: Space Marine",3
Jeff,2011-09-15 00:00:00,Gears of War 3,5
Matt,2011-09-16 14:00:00,Star Fox 64 3D,3
Brad,2011-09-16 17:00:00,Renegade Ops,5
Alex,2011-09-21 12:00:00,NHL 12,4
Ryan,2011-09-22 14:00:00,Burnout CRASH!,3
Patrick,2011-09-23 17:00:00,Bit.Trip Saga,3
Ryan,2011-10-03 12:00:00,X-Men: Destiny,2
Brad,2011-10-04 17:00:00,Rage,4
Jeff,2011-10-07 14:00:00,Forza Motorsport 4,4
Brad,2011-10-12 18:00:00,Dead Rising 2: Off the Record,3
Alex,2011-10-14 07:00:00,NBA 2K12,5
Ryan,2011-10-13 15:00:00,Spider-Man: Edge of Time,2
Jeff,2011-10-14 06:00:00,Batman: Arkham City,5
Jeff,2011-10-17 18:00:00,TrackMania² Canyon,4
Patrick,2011-10-19 16:00:00,Ratchet & Clank: All 4 One,3
Alex,2011-10-20 13:00:00,Payday: The Heist,3
Brad,2011-10-24 09:00:00,Uncharted 3: Drake's Deception,5
Ryan,2011-10-24 12:00:00,Just Dance 3,2
Ryan,2011-10-24 12:00:00,Dance Central 2,4
Ryan,2011-10-26 17:00:00,The House of the Dead: OVERKILL,3
Dave,2011-10-27 18:00:00,Battlefield 3,4
Brad,2011-10-28 18:00:00,inFamous: Festival of Blood,4
Alex,2011-11-03 15:00:00,BurgerTime: World Tour,3
Jeff,2011-11-08 00:00:00,Call of Duty: Modern Warfare 3,4
Brad,2011-11-10 05:00:00,The Elder Scrolls V: Skyrim,5
Patrick,2011-11-11 03:00:00,The Legend of Zelda: Skyward Sword,4
Alex,2011-11-11 13:00:00,Saints Row: The Third,4
Jeff,2011-11-14 17:00:00,Super Mario 3D Land,4
Alex,2011-11-15 12:00:00,Rayman Origins,5
Ryan,2011-11-15 19:00:00,Assassin's Creed: Revelations,4
Jeff,2011-11-15 21:00:00,Need for Speed: The Run,2
Brad,2011-11-17 13:00:00,Halo: Combat Evolved Anniversary,4
Alex,2011-11-23 12:00:00,WWE '12,3
Ryan,2011-11-29 14:00:00,Mario Kart 7,3
Alex,2011-12-06 16:00:00,To the Moon,4
Jeff,2011-12-07 12:00:00,Skylanders: Spyro's Adventure,4
Alex,2011-12-15 13:00:00,Blackwater,1
Brad,2011-12-24 13:00:00,Trine 2,4
Brad,2012-01-12 16:00:00,All Zombies Must Die!,3
Jeff,2012-01-24 18:00:00,Saints Row: The Third,2
Alex,2012-02-02 13:00:00,NeverDead,2
Brad,2012-02-06 18:00:00,Resident Evil: Revelations,3
Alex,2012-02-07 11:00:00,The Darkness II,4
Jeff,2012-02-07 13:00:00,Kingdoms of Amalur: Reckoning,4
Brad,2012-02-11 10:00:00,Gotham City Impostors,4
Jeff,2012-02-13 06:00:00,Uncharted: Golden Abyss,3
Jeff,2012-02-13 06:00:00,Super Stardust Delta,4
Jeff,2012-02-16 15:00:00,WipEout 2048,3
Alex,2012-02-16 13:00:00,Rayman Origins,5
Jeff,2012-02-16 18:00:00,Lumines: Electronic Symphony,4
Brad,2012-02-17 14:00:00,Warp,3
Alex,2012-02-17 16:00:00,Escape Plan,3
Jeff,2012-02-21 09:00:00,Syndicate,5
Alex,2012-02-21 16:00:00,Touch My Katamari,3
Alex,2012-02-22 13:00:00,Rhythm Heaven Fever,5
Patrick,2012-02-22 13:00:00,Alan Wake's American Nightmare,3
Ryan,2012-02-22 14:00:00,Grand Slam Tennis 2,3
Brad,2012-02-25 15:00:00,Asura's Wrath,4
Alex,2012-02-28 13:00:00,SSX,4
Jeff,2012-03-06 00:00:00,Mass Effect 3,4
Alex,2012-03-13 12:00:00,Journey,5
Brad,2012-03-14 10:00:00,I Am Alive,2
Jeff,2012-03-19 16:00:00,Street Fighter X Tekken,3
Alex,2012-03-23 14:00:00,Ninja Gaiden 3,2
Brad,2012-03-28 14:00:00,Sine Mora,3
Jeff,2012-03-27 13:00:00,Ridge Racer,2
Alex,2012-04-04 12:00:00,South Park: Tenorman's Revenge,1
Brad,2012-04-05 15:00:00,Kinect Star Wars,2
Alex,2012-04-13 13:00:00,The Splatters,3
Jeff,2012-04-16 10:00:00,Fez,4
Brad,2012-04-19 15:00:00,Trials Evolution,5
Jeff,2012-04-20 16:00:00,The Pinball Arcade,4
Alex,2012-04-25 11:00:00,Bloodforge,2
Jeff,2012-05-01 20:00:00,Mortal Kombat,5
Brad,2012-05-09 13:00:00,Minecraft,4
Ryan,2012-05-14 09:00:00,Max Payne 3,4
Brad,2012-05-22 19:00:00,Diablo III,5
Alex,2012-05-23 12:00:00,Game of Thrones,2
Jeff,2012-05-18 15:00:00,Prototype 2,3
Patrick,2012-05-24 18:00:00,Dragon's Dogma,3
Jeff,2012-05-30 14:00:00,Tom Clancy's Ghost Recon: Future Soldier,3
Alex,2012-06-11 13:00:00,Gravity Rush,3
Alex,2012-06-18 12:00:00,Sid Meier's Civilization V: Gods & Kings,4
Brad,2012-06-19 16:00:00,Steel Battalion: Heavy Armor,1
Brad,2012-06-29 10:00:00,LEGO Batman 2: DC Super Heroes,3
Jeff,2012-06-29 14:00:00,Spec Ops: The Line,3
Alex,2012-07-03 12:00:00,Spelunky,4
Brad,2012-07-05 12:00:00,Theatrhythm Final Fantasy,4
Brad,2012-07-10 12:00:00,The Elder Scrolls V: Skyrim,4
Jeff,2012-07-18 14:00:00,Tony Hawk's Pro Skater HD,3
Brad,2012-07-31 08:00:00,Deadlight,3
Alex,2012-08-03 12:00:00,The Expendables 2,2
Jeff,2012-08-07 12:00:00,Persona 4 Arena,4
Alex,2012-08-10 13:00:00,Sound Shapes,5
Alex,2012-08-14 12:00:00,Sleeping Dogs,4
Jeff,2012-08-14 12:00:00,Darksiders II,4
Alex,2012-08-17 15:00:00,Papo & Yo,3
Brad,2012-08-23 18:00:00,Hybrid,4
Brad,2012-08-20 16:00:00,Dust: An Elysian Tail,5
Jeff,2012-08-21 10:00:00,Transformers: Fall of Cybertron,3
Ryan,2012-08-27 09:00:00,Rock Band Blitz,4
Alex,2012-08-27 15:00:00,Madden NFL 13,3
Jeff,2012-09-11 13:00:00,Tekken Tag Tournament 2,4
Alex,2012-09-12 15:00:00,NHL 13,4
Jeff,2012-09-17 21:00:00,Borderlands 2,4
Brad,2012-09-21 15:00:00,Mark of the Ninja,5
Alex,2012-09-26 12:00:00,Fire Pro Wrestling,2
Patrick,2012-10-01 13:00:00,Tokyo Jungle,4
Brad,2012-10-03 15:00:00,Resident Evil 6,2
Patrick,2012-10-07 21:00:00,Dishonored,4
Alex,2012-10-08 18:00:00,NBA 2K13,4
Brad,2012-10-09 06:00:00,Fable: The Journey,3
Jeff,2012-10-12 00:00:00,Forza Horizon,5
Ryan,2012-10-16 10:00:00,XCOM: Enemy Unknown,5
Alex,2012-10-18 13:00:00,007 Legends,2
Brad,2012-10-22 11:00:00,Doom 3,3
Brad,2012-10-27 13:00:00,Medal of Honor: Warfighter,3
Jeff,2012-10-30 06:00:00,Need for Speed: Most Wanted,4
Alex,2012-10-30 12:00:00,WWE '13,4
Jeff,2012-11-01 00:00:00,Halo 4,4
Alex,2012-11-02 15:00:00,Assassin's Creed III: Liberation,3
Alex,2012-11-05 14:00:00,Hotline Miami,5
Ryan,2012-11-06 12:00:00,Assassin's Creed III,4
Jeff,2012-11-13 00:00:00,Call of Duty: Black Ops II,4
Jeff,2012-11-14 12:00:00,Call of Duty: Black Ops Declassified,1
Brad,2012-11-18 15:00:00,New Super Mario Bros. U,3
Brad,2012-11-18 15:00:00,Nintendo Land,4
Alex,2012-11-19 15:00:00,Hitman: Absolution,4
Patrick,2012-11-20 14:00:00,ZombiU,4
Alex,2012-11-26 12:00:00,The Walking Dead,5
Jeff,2012-11-27 13:00:00,PlayStation All-Stars Battle Royale,3
Alex,2012-11-29 15:00:00,Adventure Time: Hey Ice King! Why’d you steal our garbage?!!,3
Brad,2012-12-04 12:00:00,Far Cry 3,5
Alex,2012-12-04 13:00:00,Family Guy: Back to the Multiverse,1
Brad,2013-01-14 15:00:00,DmC Devil May Cry,5
Alex,2013-01-22 12:00:00,The Cave,3
Brad,2013-02-05 14:00:00,Dead Space 3,3
Jeff,2013-02-12 09:50:00,Antichamber,4
Alex,2013-02-13 11:03:00,Aliens: Colonial Marines,1
Jeff,2013-02-19 00:00:00,Metal Gear Rising: Revengeance,4
Brad,2013-02-28 12:45:00,Tomb Raider,4
Jeff,2013-02-28 18:55:00,Crysis 3,3
Alex,2013-03-06 14:27:00,SimCity,3
Brad,2013-03-16 17:00:00,StarCraft II: Heart of the Swarm,5
Jeff,2013-03-17 21:01:00,Gears of War: Judgment,3
Alex,2013-03-21 13:19:00,The Walking Dead: Survival Instinct,1
Alex,2013-03-21 15:45:00,Luigi's Mansion: Dark Moon,4
Jeff,2013-03-25 18:44:00,BioShock Infinite,5
Alex,2013-04-09 11:00:00,Guacamelee!,4
Jeff,2013-04-16 12:24:00,Injustice: Gods Among Us,4
Brad,2013-04-22 13:39:00,Dead Island Riptide,2
Alex,2013-04-24 12:30:00,Monaco: What's Yours Is Mine,4
Alex,2013-04-26 08:50:00,Star Trek: The Video Game,2
Jeff,2013-04-30 12:32:00,Far Cry 3: Blood Dragon,4
Patrick,2013-05-13 11:26:00,Metro: Last Light,4
Brad,2013-05-28 00:01:00,Fuse,3
Alex,2013-06-03 13:49:00,Remember Me,3
Patrick,2013-06-05 07:00:00,The Last of Us,5
Alex,2013-06-26 12:31:00,Deadpool,2
Alex,2013-07-17 11:37:00,Sid Meier's Civilization V: Brave New World,4
Patrick,2013-08-05 15:32:00,Shadowrun Returns,4
Brad,2013-09-19 16:15:00,Brothers: A Tale of Two Sons,5
Patrick,2013-08-15 11:05:00,Gone Home,5
Jeff,2013-08-14 06:00:00,Saints Row IV,4
Alex,2013-08-14 12:30:00,Pikmin 3,4
Alex,2013-08-23 12:41:00,The Bureau: XCOM Declassified,3
Alex,2013-08-27 13:15:00,Madden NFL 25,3
Alex,2013-09-04 09:30:00,Rayman Legends,5
Alex,2013-09-11 11:49:00,NHL 14,4
Jeff,2013-09-16 07:00:00,Grand Theft Auto V,5
Alex,2013-09-26 14:08:00,NBA 2K14,4
Alex,2013-10-08 10:47:00,Beyond: Two Souls,3
Jeff,2013-10-20 17:43:00,The Stanley Parable,4
Alex,2013-10-28 10:14:00,WWE 2K14,4
Jeff,2013-11-05 00:00:00,Call of Duty: Ghosts,3
Brad,2013-11-14 16:45:00,Resogun,4
Jeff,2013-11-17 12:24:00,Killzone: Shadow Fall,3
Alex,2013-11-18 12:28:00,Knack,2
Patrick,2013-11-20 16:20:00,Super Mario 3D World,5
Alex,2013-11-22 10:06:00,Madden NFL 25,3
Alex,2013-11-23 08:55:00,NBA 2K14,4
Brad,2013-11-23 17:00:00,Ryse: Son of Rome,3
Jeff,2013-11-24 11:23:00,Need for Speed Rivals,3
Jeff,2013-11-26 17:08:00,Killer Instinct,4
Patrick,2013-11-27 16:25:00,Tearaway,4
Brad,2013-11-29 10:00:00,Dead Rising 3,4
Alex,2013-12-03 14:37:00,Assassin's Creed IV: Black Flag,4
Jeff,2013-12-05 17:46:00,Forza Motorsport 5,3
Alex,2013-12-11 16:16:00,NBA Live 14,1
Alex,2014-01-16 12:24:00,The Banner Saga,4
Alex,2014-01-30 10:00:00,Octodad: Dadliest Catch,4
Alex,2014-02-07 11:08:00,Jazzpunk,5
Brad,2014-02-18 15:00:00,The Last of Us,5
Jeff,2014-02-19 17:54:00,Strider,3
Patrick,2014-02-20 13:06:00,Assassin's Creed: Freedom Cry,4
Alex,2014-02-24 14:42:00,Thief,2
Alex,2014-03-04 00:01:00,South Park: The Stick of Truth,5
Jeff,2014-03-10 09:00:00,Titanfall,4
Patrick,2014-03-11 11:20:00,Danganronpa: Trigger Happy Havoc,3
Patrick,2014-03-13 08:01:00,Yoshi's New Island,3
Alex,2014-03-19 12:18:00,Luftrausers,4
Jeff,2014-03-20 07:00:00,inFamous: Second Son,4
Brad,2014-03-21 14:30:00,Metal Gear Solid V: Ground Zeroes,4
Alex,2014-05-07 13:50:00,Child of Light,3
Alex,2014-05-15 13:30:00,Mario Kart 8,4
Patrick,2014-05-21 11:06:00,Tesla Effect,3
Alex,2014-05-21 13:40:00,Wolfenstein: The New Order,4
Jeff,2014-05-27 00:01:00,Watch Dogs,3
Patrick,2014-06-26 17:58:00,Shovel Knight,4
Alex,2014-07-02 13:30:00,Valiant Hearts: The Great War,4
Jeff,2014-08-18 13:58:00,Diablo III: Ultimate Evil Edition,4
Patrick,2014-08-21 16:31:00,Divinity: Original Sin,4
Alex,2014-08-27 10:55:00,Madden NFL 15,4
Alex,2014-09-11 11:31:00,NHL 15,2
Jeff,2014-09-12 11:29:00,Destiny,3
Dan,2014-09-18 11:00:00,Hyrule Warriors,3
Dan,2014-09-26 14:56:00,Super Smash Bros.,4
Patrick,2014-10-01 10:00:00,Danganronpa 2: Goodbye Despair,3
Brad,2014-09-30 15:00:00,Middle-earth: Shadow of Mordor,5
Alex,2014-09-30 14:25:00,D4: Dark Dreams Don't Die,4
Jeff,2014-10-01 18:05:00,Forza Horizon 2,4
Patrick,2014-10-06 17:04:00,Alien: Isolation,4
Jeff,2014-10-07 18:22:00,Driveclub,2
Dan,2014-10-13 20:22:00,Bayonetta 2,5
Alex,2014-10-29 10:50:00,Sid Meier's Civilization: Beyond Earth,3
Patrick,2014-10-29 12:04:00,The Evil Within,2
Brad,2014-10-31 14:45:00,Sunset Overdrive,4
Jeff,2014-11-03 00:00:00,Call of Duty: Advanced Warfare,4
Alex,2014-11-05 09:14:00,NBA 2K15,3
Alex,2014-11-05 09:33:00,NBA Live 15,2
Alex,2014-11-13 12:13:00,Assassin's Creed: Unity,2
Matt,2014-11-18 14:02:00,Dragon Age: Inquisition,4
Jeff,2014-11-18 15:17:00,Far Cry 4,4
Alex,2014-11-20 08:30:00,WWE 2K15,2
Dan,2014-11-21 13:40:00,Super Smash Bros.,4
Dan,2014-12-01 07:00:00,Captain Toad: Treasure Tracker,3
Brad,2014-12-02 16:30:00,Geometry Wars 3: Dimensions,4
